save,fsize,lvl,days,records,fids,created,lostRefs,abomb%,bloatGrp,nullRefs,masters
Quicksave 9 - test.ess,3268837,30,3.5538535118103027,23884,13419,758,1,0.576095562428236,1,0,58
Quicksave 8 - test.ess,3248928,30,3.280181407928467,23191,13251,758,1,0.47115362249314785,1,0,58
Quicksave 7 - test.ess,3149754,30,3.2685532569885254,23167,13231,758,1,0.4647307563573122,1,0,58
